Workbook

Sheet Template nhập
A1: TEMPLATE NHẬP — fact_đổi_kho (1 dòng = 1 đơn bị đổi kho)
A2: Mỗi đơn bị đổi kho giao là 1 dòng. Bảng 'Lý do đổi kho' tự tính từ dữ liệu ở đây (COUNTIFS theo channel/phường/lý do). Nhập từ dòng 5.
A3: order_id | B3: ngay | C3: channel | D3: phuong_moi | E3: region_code | F3: ward_code | G3: ward_name | H3: bc_giao_code | I3: bc_giao_name | J3: ly_do_code | K3: ghi_chu
A4: MVĐ / Order ID | B4: Ngày đổi kho (yyyy-mm-dd) | C4: Nguồn đơn: spe/tts/sme/ka/b2b/cb | D4: Phường mới? 1=mới, 0=cũ | E4: Vùng giao (HNO/HCM/...) | F4: Mã phường (ward code) | G4: Tên phường (ward name) | H4: Mã BC giao | I4: Tên BC giao | J4: Mã lý do (xem sheet Mã lý do) | K4: Ghi chú (tuỳ chọn)
A5: GHN700000001 | B5: 2026-06-01 | C5: spe | D5: 1 | E5: HCM | F5: 26737 | G5: Phường Bến Thành | H5: BC-HCM-007 | I5: BC TP.HCM 007 (Q1) | J5: routing-rule
A6: GHN700000002 | B6: 2026-06-01 | C6: spe | D6: 1 | E6: HCM | F6: 26773 | G6: Phường Đa Kao | H6: BC-HCM-012 | I6: BC TP.HCM 012 (Q1) | J6: address-error
A7: GHN700000003 | B7: 2026-06-01 | C7: spe | D7: 0 | E7: HCM | F7: 27154 | G7: Phường 12 (Bình Thạnh) | H7: BC-HCM-003 | I7: BC TP.HCM 003 (Bình Thạnh) | J7: bc-closed
A8: GHN700000004 | B8: 2026-06-02 | C8: tts | D8: 1 | E8: HNO | F8: 00037 | G8: Phường Trúc Bạch | H8: BC-HNI-021 | I8: BC Hà Nội 021 (Ba Đình) | J8: routing-rule
A9: GHN700000005 | B9: 2026-06-02 | C9: tts | D9: 0 | E9: HNO | F9: 00103 | G9: Phường Hàng Bạc | H9: BC-HNI-005 | I9: BC Hà Nội 005 (Hoàn Kiếm) | J9: bc-closed
A10: GHN700000006 | B10: 2026-06-02 | C10: tts | D10: 0 | E10: HNO | F10: 00148 | G10: Phường Cát Linh | H10: BC-HNI-008 | I10: BC Hà Nội 008 (Đống Đa) | J10: service-unavail
A11: GHN700000007 | B11: 2026-06-03 | C11: sme | D11: 1 | E11: DSH | F11: 11401 | G11: Phường Máy Chai | H11: BC-HPG-002 | I11: BC Hải Phòng 002 (Ngô Quyền) | J11: address-error
A12: GHN700000008 | B12: 2026-06-03 | C12: sme | D12: 1 | E12: DSH | F12: 11428 | G12: Phường Cầu Đất | H12: BC-HPG-009 | I12: BC Hải Phòng 009 (Lê Chân) | J12: routing-rule
A13: GHN700000009 | B13: 2026-06-03 | C13: sme | D13: 0 | E13: DSH | F13: 11461 | G13: Phường Anh Dũng | H13: BC-HPG-004 | I13: BC Hải Phòng 004 (Dương Kinh) | J13: bc-closed
A14: GHN700000010 | B14: 2026-06-04 | C14: spe | D14: 1 | E14: HCM | F14: 27190 | G14: Phường 5 (Gò Vấp) | H14: BC-HCM-015 | I14: BC TP.HCM 015 (Gò Vấp) | J14: khac
A15: GHN700000011 | B15: 2026-06-04 | C15: tts | D15: 1 | E15: HNO | F15: 00220 | G15: Phường Dịch Vọng | H15: BC-HNI-011 | I15: BC Hà Nội 011 (Cầu Giấy) | J15: address-error
A16: GHN700000012 | B16: 2026-06-04 | C16: sme | D16: 0 | E16: DNB | F16: 25744 | G16: Phường Phú Lợi | H16: BC-BDG-006 | I16: BC Bình Dương 006 (Thủ Dầu Một) | J16: service-unavail
... A22: GHN700000018 | B22: 2026-06-06 | C22: tts | D22: 0 | E22: HNO | F22: 00316 | G22: Phường Phúc Xá | H22: BC-HNI-019 | I22: BC Hà Nội 019 (Ba Đình) | J22: bc-closed

Sheet Bảng lý do đổi kho
A1: BẢNG LÝ DO ĐỔI KHO — % phân bổ theo Nguồn đơn × Phường mới/cũ
A2: Tự tính từ sheet 'Template nhập'. Mỗi cột (Nguồn × Mới/Cũ) cộng các lý do = 100%.
A4: Lý do đổi kho | B4: Overall | D4: SPE | F4: TTS | H4: SME | K4: code
B5: Mới | C5: Cũ | D5: Mới | E5: Cũ | F5: Mới | G5: Cũ | H5: Mới | I5: Cũ
A6: BC nhận đóng / quá tải | B6: =IFERROR(COUNTIFS('Template nhập'!$D$5:$D$1000,1,'Template nhập'!$J$5:$J$1000,$K6)/COUNTIFS('Template nhập'!$D$5:$D$1000,1),0) | C6: =IFERROR(COUNTIFS('Template nhập'!$D$5:$D$1000,0,'Template nhập'!$J$5:$J$1000,$K6)/COUNTIFS('Template nhập'!$D$5:$D$1000,0),0) | D6: =IFERROR(COUNTIFS('Template nhập'!$C$5:$C$1000,"spe",'Template nhập'!$D$5:$D$1000,1,'Template nhập'!$J$5:$J$1000,$K6)/COUNTIFS('Template nhập'!$C$5:$C$1000,"spe",'Template nhập'!$D$5:$D$1000,1),0) | E6: =IFERROR(COUNTIFS('Template nhập'!$C$5:$C$1000,"spe",'Template nhập'!$D$5:$D$1000,0,'Template nhập'!$J$5:$J$1000,$K6)/COUNTIFS('Template nhập'!$C$5:$C$1000,"spe",'Template nhập'!$D$5:$D$1000,0),0) | F6: =IFERROR(COUNTIFS('Template nhập'!$C$5:$C$1000,"tts",'Template nhập'!$D$5:$D$1000,1,'Template nhập'!$J$5:$J$1000,$K6)/COUNTIFS('Template nhập'!$C$5:$C$1000,"tts",'Template nhập'!$D$5:$D$1000,1),0) | G6: =IFERROR(COUNTIFS('Template nhập'!$C$5:$C$1000,"tts",'Template nhập'!$D$5:$D$1000,0,'Template nhập'!$J$5:$J$1000,$K6)/COUNTIFS('Template nhập'!$C$5:$C$1000,"tts",'Template nhập'!$D$5:$D$1000,0),0) | H6: =IFERROR(COUNTIFS('Template nhập'!$C$5:$C$1000,"sme",'Template nhập'!$D$5:$D$1000,1,'Template nhập'!$J$5:$J$1000,$K6)/COUNTIFS('Template nhập'!$C$5:$C$1000,"sme",'Template nhập'!$D$5:$D$1000,1),0) | I6: =IFERROR(COUNTIFS('Template nhập'!$C$5:$C$1000,"sme",'Template nhập'!$D$5:$D$1000,0,'Template nhập'!$J$5:$J$1000,$K6)/COUNTIFS('Template nhập'!$C$5:$C$1000,"sme",'Template nhập'!$D$5:$D$1000,0),0) | K6: bc-closed
A7: Sai routing rule | B7: =IFERROR(COUNTIFS('Template nhập'!$D$5:$D$1000,1,'Template nhập'!$J$5:$J$1000,$K7)/COUNTIFS('Template nhập'!$D$5:$D$1000,1),0) | C7: =IFERROR(COUNTIFS('Template nhập'!$D$5:$D$1000,0,'Template nhập'!$J$5:$J$1000,$K7)/COUNTIFS('Template nhập'!$D$5:$D$1000,0),0) | D7: =IFERROR(COUNTIFS('Template nhập'!$C$5:$C$1000,"spe",'Template nhập'!$D$5:$D$1000,1,'Template nhập'!$J$5:$J$1000,$K7)/COUNTIFS('Template nhập'!$C$5:$C$1000,"spe",'Template nhập'!$D$5:$D$1000,1),0) | E7: =IFERROR(COUNTIFS('Template nhập'!$C$5:$C$1000,"spe",'Template nhập'!$D$5:$D$1000,0,'Template nhập'!$J$5:$J$1000,$K7)/COUNTIFS('Template nhập'!$C$5:$C$1000,"spe",'Template nhập'!$D$5:$D$1000,0),0) | F7: =IFERROR(COUNTIFS('Template nhập'!$C$5:$C$1000,"tts",'Template nhập'!$D$5:$D$1000,1,'Template nhập'!$J$5:$J$1000,$K7)/COUNTIFS('Template nhập'!$C$5:$C$1000,"tts",'Template nhập'!$D$5:$D$1000,1),0) | G7: =IFERROR(COUNTIFS('Template nhập'!$C$5:$C$1000,"tts",'Template nhập'!$D$5:$D$1000,0,'Template nhập'!$J$5:$J$1000,$K7)/COUNTIFS('Template nhập'!$C$5:$C$1000,"tts",'Template nhập'!$D$5:$D$1000,0),0) | H7: =IFERROR(COUNTIFS('Template nhập'!$C$5:$C$1000,"sme",'Template nhập'!$D$5:$D$1000,1,'Template nhập'!$J$5:$J$1000,$K7)/COUNTIFS('Template nhập'!$C$5:$C$1000,"sme",'Template nhập'!$D$5:$D$1000,1),0) | I7: =IFERROR(COUNTIFS('Template nhập'!$C$5:$C$1000,"sme",'Template nhập'!$D$5:$D$1000,0,'Template nhập'!$J$5:$J$1000,$K7)/COUNTIFS('Template nhập'!$C$5:$C$1000,"sme",'Template nhập'!$D$5:$D$1000,0),0) | K7: routing-rule
A8: Sai mapping địa chỉ | B8: =IFERROR(COUNTIFS('Template nhập'!$D$5:$D$1000,1,'Template nhập'!$J$5:$J$1000,$K8)/COUNTIFS('Template nhập'!$D$5:$D$1000,1),0) | C8: =IFERROR(COUNTIFS('Template nhập'!$D$5:$D$1000,0,'Template nhập'!$J$5:$J$1000,$K8)/COUNTIFS('Template nhập'!$D$5:$D$1000,0),0) | D8: =IFERROR(COUNTIFS('Template nhập'!$C$5:$C$1000,"spe",'Template nhập'!$D$5:$D$1000,1,'Template nhập'!$J$5:$J$1000,$K8)/COUNTIFS('Template nhập'!$C$5:$C$1000,"spe",'Template nhập'!$D$5:$D$1000,1),0) | E8: =IFERROR(COUNTIFS('Template nhập'!$C$5:$C$1000,"spe",'Template nhập'!$D$5:$D$1000,0,'Template nhập'!$J$5:$J$1000,$K8)/COUNTIFS('Template nhập'!$C$5:$C$1000,"spe",'Template nhập'!$D$5:$D$1000,0),0) | F8: =IFERROR(COUNTIFS('Template nhập'!$C$5:$C$1000,"tts",'Template nhập'!$D$5:$D$1000,1,'Template nhập'!$J$5:$J$1000,$K8)/COUNTIFS('Template nhập'!$C$5:$C$1000,"tts",'Template nhập'!$D$5:$D$1000,1),0) | G8: =IFERROR(COUNTIFS('Template nhập'!$C$5:$C$1000,"tts",'Template nhập'!$D$5:$D$1000,0,'Template nhập'!$J$5:$J$1000,$K8)/COUNTIFS('Template nhập'!$C$5:$C$1000,"tts",'Template nhập'!$D$5:$D$1000,0),0) | H8: =IFERROR(COUNTIFS('Template nhập'!$C$5:$C$1000,"sme",'Template nhập'!$D$5:$D$1000,1,'Template nhập'!$J$5:$J$1000,$K8)/COUNTIFS('Template nhập'!$C$5:$C$1000,"sme",'Template nhập'!$D$5:$D$1000,1),0) | I8: =IFERROR(COUNTIFS('Template nhập'!$C$5:$C$1000,"sme",'Template nhập'!$D$5:$D$1000,0,'Template nhập'!$J$5:$J$1000,$K8)/COUNTIFS('Template nhập'!$C$5:$C$1000,"sme",'Template nhập'!$D$5:$D$1000,0),0) | K8: address-error
A9: Service không hỗ trợ vùng | B9: =IFERROR(COUNTIFS('Template nhập'!$D$5:$D$1000,1,'Template nhập'!$J$5:$J$1000,$K9)/COUNTIFS('Template nhập'!$D$5:$D$1000,1),0) | C9: =IFERROR(COUNTIFS('Template nhập'!$D$5:$D$1000,0,'Template nhập'!$J$5:$J$1000,$K9)/COUNTIFS('Template nhập'!$D$5:$D$1000,0),0) | D9: =IFERROR(COUNTIFS('Template nhập'!$C$5:$C$1000,"spe",'Template nhập'!$D$5:$D$1000,1,'Template nhập'!$J$5:$J$1000,$K9)/COUNTIFS('Template nhập'!$C$5:$C$1000,"spe",'Template nhập'!$D$5:$D$1000,1),0) | E9: =IFERROR(COUNTIFS('Template nhập'!$C$5:$C$1000,"spe",'Template nhập'!$D$5:$D$1000,0,'Template nhập'!$J$5:$J$1000,$K9)/COUNTIFS('Template nhập'!$C$5:$C$1000,"spe",'Template nhập'!$D$5:$D$1000,0),0) | F9: =IFERROR(COUNTIFS('Template nhập'!$C$5:$C$1000,"tts",'Template nhập'!$D$5:$D$1000,1,'Template nhập'!$J$5:$J$1000,$K9)/COUNTIFS('Template nhập'!$C$5:$C$1000,"tts",'Template nhập'!$D$5:$D$1000,1),0) | G9: =IFERROR(COUNTIFS('Template nhập'!$C$5:$C$1000,"tts",'Template nhập'!$D$5:$D$1000,0,'Template nhập'!$J$5:$J$1000,$K9)/COUNTIFS('Template nhập'!$C$5:$C$1000,"tts",'Template nhập'!$D$5:$D$1000,0),0) | H9: =IFERROR(COUNTIFS('Template nhập'!$C$5:$C$1000,"sme",'Template nhập'!$D$5:$D$1000,1,'Template nhập'!$J$5:$J$1000,$K9)/COUNTIFS('Template nhập'!$C$5:$C$1000,"sme",'Template nhập'!$D$5:$D$1000,1),0) | I9: =IFERROR(COUNTIFS('Template nhập'!$C$5:$C$1000,"sme",'Template nhập'!$D$5:$D$1000,0,'Template nhập'!$J$5:$J$1000,$K9)/COUNTIFS('Template nhập'!$C$5:$C$1000,"sme",'Template nhập'!$D$5:$D$1000,0),0) | K9: service-unavail
A10: Khác / GAP công thức | B10: =IFERROR(COUNTIFS('Template nhập'!$D$5:$D$1000,1,'Template nhập'!$J$5:$J$1000,$K10)/COUNTIFS('Template nhập'!$D$5:$D$1000,1),0) | C10: =IFERROR(COUNTIFS('Template nhập'!$D$5:$D$1000,0,'Template nhập'!$J$5:$J$1000,$K10)/COUNTIFS('Template nhập'!$D$5:$D$1000,0),0) | D10: =IFERROR(COUNTIFS('Template nhập'!$C$5:$C$1000,"spe",'Template nhập'!$D$5:$D$1000,1,'Template nhập'!$J$5:$J$1000,$K10)/COUNTIFS('Template nhập'!$C$5:$C$1000,"spe",'Template nhập'!$D$5:$D$1000,1),0) | E10: =IFERROR(COUNTIFS('Template nhập'!$C$5:$C$1000,"spe",'Template nhập'!$D$5:$D$1000,0,'Template nhập'!$J$5:$J$1000,$K10)/COUNTIFS('Template nhập'!$C$5:$C$1000,"spe",'Template nhập'!$D$5:$D$1000,0),0) | F10: =IFERROR(COUNTIFS('Template nhập'!$C$5:$C$1000,"tts",'Template nhập'!$D$5:$D$1000,1,'Template nhập'!$J$5:$J$1000,$K10)/COUNTIFS('Template nhập'!$C$5:$C$1000,"tts",'Template nhập'!$D$5:$D$1000,1),0) | G10: =IFERROR(COUNTIFS('Template nhập'!$C$5:$C$1000,"tts",'Template nhập'!$D$5:$D$1000,0,'Template nhập'!$J$5:$J$1000,$K10)/COUNTIFS('Template nhập'!$C$5:$C$1000,"tts",'Template nhập'!$D$5:$D$1000,0),0) | H10: =IFERROR(COUNTIFS('Template nhập'!$C$5:$C$1000,"sme",'Template nhập'!$D$5:$D$1000,1,'Template nhập'!$J$5:$J$1000,$K10)/COUNTIFS('Template nhập'!$C$5:$C$1000,"sme",'Template nhập'!$D$5:$D$1000,1),0) | I10: =IFERROR(COUNTIFS('Template nhập'!$C$5:$C$1000,"sme",'Template nhập'!$D$5:$D$1000,0,'Template nhập'!$J$5:$J$1000,$K10)/COUNTIFS('Template nhập'!$C$5:$C$1000,"sme",'Template nhập'!$D$5:$D$1000,0),0) | K10: khac
A11: Tổng (kiểm tra = 100%) | B11: =SUM(B6:B10) | C11: =SUM(C6:C10) | D11: =SUM(D6:D10) | E11: =SUM(E6:E10) | F11: =SUM(F6:F10) | G11: =SUM(G6:G10) | H11: =SUM(H6:H10) | I11: =SUM(I6:I10)

Sheet Mã lý do
A1: MÃ LÝ DO ĐỔI KHO (dùng cho cột ly_do_code)
A3: ly_do_code | B3: Tên hiển thị | C3: Nhóm | D3: Mô tả
A4: bc-closed | B4: BC nhận đóng / quá tải | C4: Vận hành | D4: BC giao đóng cửa / quá tải nên đơn phải đổi sang BC khác
A5: routing-rule | B5: Sai routing rule | C5: Vận hành | D5: Rule định tuyến (ORS) gán sai BC ngay từ đầu
A6: address-error | B6: Sai mapping địa chỉ | C6: Vận hành | D6: Địa chỉ map sai phường → sai BC, phải đổi
A7: service-unavail | B7: Service không hỗ trợ vùng | C7: Vận hành | D7: BC không phục vụ loại dịch vụ / vùng đó
A8: khac | B8: Khác / GAP công thức | C8: GAP | D8: Lý do khác chưa phân loại (GAP công thức — cần rà soát)

Sheet Template rollup (tuỳ chọn)
A1: TEMPLATE ROLLUP — dùng khi KHÔNG export được raw từng đơn
A2: Tổng hợp sẵn theo ngày × nguồn × phường × lý do. so_don = số đơn đổi kho của tổ hợp.
A3: ngay | B3: channel | C3: phuong_moi | D3: ly_do_code | E3: so_don
A4: Ngày | B4: Nguồn đơn | C4: 1=mới,0=cũ | D4: Mã lý do | E4: Số đơn
A5: 2026-06-01 | B5: spe | C5: 1 | D5: routing-rule | E5: 128
A6: 2026-06-01 | B6: spe | C6: 1 | D6: address-error | E6: 96
A7: 2026-06-01 | B7: spe | C7: 0 | D7: bc-closed | E7: 54
A8: 2026-06-01 | B8: tts | C8: 1 | D8: routing-rule | E8: 83
A9: 2026-06-01 | B9: tts | C9: 0 | D9: bc-closed | E9: 61
